Strategy,Response,Total Tokens
zero_shot,"The Internet of Things (IoT) is a system of interconnected devices, objects, and living things that can collect, process, and exchange data over a network without human interaction. These ""things"" can be anything from people with medical implants to animals with biochips, vehicles with sensors, or everyday objects assigned an IP address. The IoT vision is to make all objects uniquely identifiable and accessible on the web, allowing them to communicate and exchange data",389
few_shot,"The Internet of Things (IOT) is a system where objects, devices, and living things are connected to the internet, assigned unique identifiers, and can transfer data over a network without human interaction, allowing them to collect, process, and exchange data.",369
role_prompt,"The article discusses the concept of the Internet of Things (IoT), which refers to a network of interconnected devices, objects, and living things that can collect, process, and exchange data without human intervention. These devices, which can include anything from heart monitors and biochips to cars and other man-made objects, are assigned unique identifiers and IP addresses, allowing them to communicate with each other and transfer data over the internet. The IoT vision is one",396
constrained_format,"Here are three bullet points summarizing the text:

* The Internet of Things (IoT) is a system of interconnected devices, objects, and living things that can transfer data over a network without human interaction, using unique identifiers and IP addresses.
* Examples of ""things"" in the IoT include people with medical implants, animals with biochips, vehicles with built-in sensors, and any other object that can be assigned an IP address and transfer data",394
zero_shot,"The Internet of Things (IoT) is a system where everyday objects, animals, and people are connected to the internet and can transfer data without human interaction. These ""things"" are assigned unique identifiers and can be anything from a person with a heart monitor implant to a car with built-in sensors. The IoT vision is to make all objects uniquely identifiable and accessible on the web, allowing them to collect, process, and exchange data through networks. The concept can be simplified to: physical objects + sensors and microprocessors = IoT.",406
few_shot,"The Internet of Things (IOT) is a system of interconnected devices and objects that can collect, process, and exchange data over a network without human interaction, enabling unique identification and accessibility of everyday objects.",359
role_prompt,"The article discusses the concept of the Internet of Things (IoT), a system where physical objects, animals, and people are connected to the internet through unique identifiers and sensors, enabling them to transfer data without human intervention. The IoT vision is to make every object uniquely identifiable and accessible on the web, allowing them to collect, process, and exchange data through networks. The article provides examples of IoT-enabled objects, such as a person with a heart monitor implant, a farm animal with a biochip transponder, and an automobile with built-in sensors. The concept of IoT can be simplified to the equation: physical objects + sensors and microprocessors = IoT. Overall, the article provides an introduction to the IoT concept and its potential applications.",454
constrained_format,"Here are three bullet points summarizing the text:

* The Internet of Things (IOT) is a system of interrelated devices, machines, and objects that can transfer data over a network without human interaction, using unique identifiers and IP addresses.
* Examples of ""things"" in the IOT include people with medical implants, animals with biochips, vehicles with built-in sensors, and other man-made objects that can collect and exchange data over a network.
* The IOT concept enables physical objects to become part of the internet, making them uniquely identifiable and accessible on the web, and can be simplified to the equation: physical objects + sensors and microprocessors = IOT.",441
